category,total_revenue,total_orders
Books,413146.06999999995,146
Toys,346362.2700000001,139
Stationery,286556.76,128
Beauty,240287.06000000008,122
Furniture,230897.77000000008,88
Sports,201478.05000000002,130
Electronics,122969.42999999992,77
