country,orders_count,total_revenue
PL,116,247089.13999999998
UA,119,218728.98999999996
FR,101,198489.92000000016
ES,94,198442.5100000001
NL,107,192496.28999999998
DE,83,173266.32000000004
CZ,65,164580.73
SE,84,162852.57000000004
US,79,162625.26000000004
IT,58,123125.68000000002
